{"cameraMode":{"drawMode":0,"name":"Shaded","section":"Shading Mode"},"sceneLighting":true,"audioPlay":false,"sceneViewState":{"showFog":true,"showMaterialUpdate":false,"showSkybox":false,"showFlares":true,"showImageEffects":true,"showParticleSystems":true},"in2DMode":false,"pivot":{"x":40.92831802368164,"y":44.54578399658203,"z":1595.1453857421875},"rotation":{"x":-0.09090791642665863,"y":0.6849421858787537,"z":-0.08676381409168244,"w":-0.7176781892776489},"size":40.93062973022461,"orthographic":true}