{"cameraMode":{"drawMode":0,"name":"Shaded","section":"Shading Mode"},"sceneLighting":false,"audioPlay":false,"sceneViewState":{"showFog":true,"showMaterialUpdate":false,"showSkybox":false,"showFlares":true,"showImageEffects":true,"showParticleSystems":true},"in2DMode":false,"pivot":{"x":-21.1200008392334,"y":8.423107147216797,"z":-12.069999694824219},"rotation":{"x":0.04192841425538063,"y":0.7298722267150879,"z":-0.044939178973436359,"w":0.6808150410652161},"size":26.790721893310548,"orthographic":true}