{"cameraMode":{"drawMode":0,"name":"Shaded","section":"Shading Mode"},"sceneLighting":false,"audioPlay":false,"sceneViewState":{"showFog":true,"showMaterialUpdate":false,"showSkybox":false,"showFlares":true,"showImageEffects":true,"showParticleSystems":true},"in2DMode":false,"pivot":{"x":-32.630001068115237,"y":19.81999969482422,"z":13.90999984741211},"rotation":{"x":-0.028092214837670327,"y":0.9610198140144348,"z":-0.25359582901000979,"w":-0.10649384558200836},"size":2.8578836917877199,"orthographic":true}