{"cameraMode":{"drawMode":0,"name":"Shaded","section":"Shading Mode"},"sceneLighting":false,"audioPlay":false,"sceneViewState":{"showFog":true,"showMaterialUpdate":false,"showSkybox":false,"showFlares":true,"showImageEffects":true,"showParticleSystems":true},"in2DMode":false,"pivot":{"x":-40.70695877075195,"y":1.116194486618042,"z":-29.26575469970703},"rotation":{"x":-0.003227404085919261,"y":0.695363461971283,"z":-0.0031351849902421238,"w":-0.7186442017555237},"size":5.396094799041748,"orthographic":true}